{
	"compileType": "miniprogram",
	"setting": {
		"urlCheck": true,
		"coverView": true,
		"es6": false,
		"postcss": true,
		"lazyloadPlaceholderEnable": false,
		"preloadBackgroundData": false,
		"minified": true,
		"autoAudits": false,
		"uglifyFileName": false,
		"uploadWithSourceMap": true,
		"enhance": true,
		"useMultiFrameRuntime": true,
		"showShadowRootInWxmlPanel": true,
		"packNpmManually": false,
		"packNpmRelationList": [],
		"minifyWXSS": true,
		"useStaticServer": true,
		"showES6CompileOption": false,
		"checkInvalidKey": true,
		"babelSetting": {
			"ignore": [],
			"disablePlugins": [],
			"outputPath": ""
		},
		"disableUseStrict": false,
		"useCompilerPlugins": false,
		"minifyWXML": true,
		"useIsolateContext": true,
		"ignoreUploadUnusedFiles": true
	},
	"condition": {},
	"editorSetting": {
		"tabIndent": "tab",
		"tabSize": 2
	},
	"description": "项目配置文件，详见文档：https://developers.weixin.qq.com/miniprogram/dev/devtools/projectconfig.html",
	"libVersion": "3.8.3",
	"packOptions": {
		"ignore": [],
		"include": []
	},
	"appid": ""
}