{
	"projectname": "deepwords",
	"setting": {
		"compileHotReLoad": true,
		"urlCheck": false,
		"useIsolateContext": false
	},
	"description": "项目私有配置文件。此文件中的内容将覆盖 project.config.json 中的相同字段。项目的改动优先同步到此文件中。详见文档：https://developers.weixin.qq.com/miniprogram/dev/devtools/projectconfig.html",
	"libVersion": "2.21.4",
	"condition": {
		"miniprogram": {
			"list": [
				{
					"name": "",
					"pathName": "pages/index/index",
					"query": "?invite_code=AKXJP6AC",
					"launchMode": "default",
					"scene": null
				},
				{
					"name": "",
					"pathName": "pages/index/index",
					"query": "?invite_code=AKXJP6AC",
					"launchMode": "default",
					"scene": null
				}
			]
		}
	}
}